{
    "alpha": 0,
    "camera_id": "left",
    "camera_matrix": [
        [
            4451.648444785053,
            0,
            937.2785787762323
        ],
        [
            0,
            4452.0559957338655,
            451.13896935894263
        ],
        [
            0,
            0,
            1
        ]
    ],
    "distortion_coefficients": [
        [
            -0.5625859612609901
        ],
        [
            0.7483660788845437
        ],
        [
            -0.0005622535347941133
        ],
        [
            0.00035264218363703555
        ],
        [
            -4.969479768810637
        ]
    ],
    "image_height": 1080,
    "image_width": 1920,
    "new_camera_matrix": [
        [
            4451.648444785053,
            0,
            937.2785787762323
        ],
        [
            0,
            4452.0559957338655,
            451.13896935894263
        ],
        [
            0,
            0,
            1
        ]
    ],
    "per_view_errors": [
        0.07402274738767473,
        0.0853010875429551,
        0.08963672538927786,
        0.09020763111716569,
        0.08647894843685845,
        0.08325181515574068,
        0.08997040491702457,
        0.09260493484265123,
        0.09329206191193196,
        0.09476759168283347,
        0.09754547945590353,
        0.09012852215631445,
        0.09771603609137842,
        0.0944865975016969,
        0.09802557037442684,
        0.09603092321107258,
        0.0998195746510231,
        0.10087074042590234,
        0.09430340526400377,
        0.09892390844738472,
        0.09531056462027412,
        0.10188351578012311,
        0.10114234595145925,
        0.10512018499070627,
        0.10379488059663604,
        0.10664580186821475,
        0.10583668585460704,
        0.10789322778324287,
        0.10498691208140028,
        0.10333853694216763,
        0.1029435614056005,
        0.10502034545592882,
        0.10416902937063435,
        0.10616069263374373,
        0.1067038105448039,
        0.10365839279113595,
        0.10649960546055852,
        0.11134855402415159,
        0.1125944543452561,
        0.10131167192177151,
        0.10850393051597755,
        0.11249108665927961,
        0.10713051041697463,
        0.11323258562497807,
        0.11070702157134182,
        0.11258813997673896,
        0.11034979963434402,
        0.1141182160219181,
        0.11287247671776664,
        0.11738908099974885,
        0.11467938622771416,
        0.10664633534353718,
        0.11572827720355605,
        0.10943364582385569,
        0.12204563865646181,
        0.11641448339396858,
        0.12383514908052858,
        0.11960333618294608,
        0.12189786375850398,
        0.11542271298214277,
        0.12651371117338633,
        0.12622765354220886,
        0.12761378484397098,
        0.12698344938257347,
        0.12727604425996725,
        0.12015578574709773,
        0.12224154306368643,
        0.13584046513684597,
        0.13726168714198336,
        0.1229679989583817,
        0.14394885298081744,
        0.13158219034050384,
        0.13735953224501002,
        0.1418048705073908,
        0.14169924398510841,
        0.13937081036767054,
        0.14352375824044056,
        0.13480742027431072,
        0.14112045538800533,
        0.14373585744763007,
        0.1430835431690377,
        0.1388343647138942,
        0.14134175015401426,
        0.14169948368415164
    ],
    "rectified_camera_matrix": [
        [
            4436.473058497945,
            0,
            950.5492553710938
        ],
        [
            0,
            4436.473058497945,
            478.7570152282715
        ],
        [
            0,
            0,
            1
        ]
    ],
    "reprojection_error": 0.12762766982291507,
    "valid_pix_roi": {
        "height": 1080,
        "width": 1920,
        "x": 0,
        "y": 0
    }
}
